--------------------------------------------------------
--  File created - Tuesday-August-29-2017   
--------------------------------------------------------
--------------------------------------------------------
--  DDL for Table CHALLAN_DETAILS
--------------------------------------------------------

  CREATE TABLE "CE5_36"."CHALLAN_DETAILS" 
   (	"CHALLAN_NO" VARCHAR2(6 BYTE), 
	"QTY_DISP" NUMBER(4,2), 
	"PRODUCT_NO" VARCHAR2(6 BYTE)
   ) SEGMENT CREATION IMMEDIATE 
  PCTFREE 10 PCTUSED 40 INITRANS 1 MAXTRANS 255 NOCOMPRESS LOGGING
  STORAGE(INITIAL 65536 NEXT 1048576 MINEXTENTS 1 MAXEXTENTS 2147483645
  PCTINCREASE 0 FREELISTS 1 FREELIST GROUPS 1 BUFFER_POOL DEFAULT FLASH_CACHE DEFAULT CELL_FLASH_CACHE DEFAULT)
  TABLESPACE "SYSTEM" ;
--------------------------------------------------------
--  DDL for Table CHALLAN_HEADER
--------------------------------------------------------

  CREATE TABLE "CE5_36"."CHALLAN_HEADER" 
   (	"CHALLAN_NO" VARCHAR2(6 BYTE), 
	"S_ORDER_NO" VARCHAR2(6 BYTE), 
	"CHALLAN_DATE" DATE, 
	"BILLED_YN" CHAR(1 BYTE) DEFAULT 'N'
   ) SEGMENT CREATION IMMEDIATE 
  PCTFREE 10 PCTUSED 40 INITRANS 1 MAXTRANS 255 NOCOMPRESS LOGGING
  STORAGE(INITIAL 65536 NEXT 1048576 MINEXTENTS 1 MAXEXTENTS 2147483645
  PCTINCREASE 0 FREELISTS 1 FREELIST GROUPS 1 BUFFER_POOL DEFAULT FLASH_CACHE DEFAULT CELL_FLASH_CACHE DEFAULT)
  TABLESPACE "SYSTEM" ;
--------------------------------------------------------
--  DDL for Table CLIENT_MASTER
--------------------------------------------------------

  CREATE TABLE "CE5_36"."CLIENT_MASTER" 
   (	"CLIENT_NO" VARCHAR2(7 BYTE), 
	"NAME" VARCHAR2(20 BYTE), 
	"CITY" VARCHAR2(15 BYTE), 
	"STATE" VARCHAR2(15 BYTE), 
	"PINCODE" NUMBER(6,0), 
	"BAL_DUE" NUMBER(10,2), 
	"PHONE_NO" NUMBER(10,0)
   ) SEGMENT CREATION IMMEDIATE 
  PCTFREE 10 PCTUSED 40 INITRANS 1 MAXTRANS 255 NOCOMPRESS LOGGING
  STORAGE(INITIAL 65536 NEXT 1048576 MINEXTENTS 1 MAXEXTENTS 2147483645
  PCTINCREASE 0 FREELISTS 1 FREELIST GROUPS 1 BUFFER_POOL DEFAULT FLASH_CACHE DEFAULT CELL_FLASH_CACHE DEFAULT)
  TABLESPACE "SYSTEM" ;
--------------------------------------------------------
--  DDL for Table LAB0TEST
--------------------------------------------------------

  CREATE TABLE "CE5_36"."LAB0TEST" 
   (	"ID" NUMBER, 
	"NAME" VARCHAR2(50 BYTE)
   ) SEGMENT CREATION IMMEDIATE 
  PCTFREE 10 PCTUSED 40 INITRANS 1 MAXTRANS 255 NOCOMPRESS LOGGING
  STORAGE(INITIAL 65536 NEXT 1048576 MINEXTENTS 1 MAXEXTENTS 2147483645
  PCTINCREASE 0 FREELISTS 1 FREELIST GROUPS 1 BUFFER_POOL DEFAULT FLASH_CACHE DEFAULT CELL_FLASH_CACHE DEFAULT)
  TABLESPACE "SYSTEM" ;
--------------------------------------------------------
--  DDL for Table PRODUCT_MASTER
--------------------------------------------------------

  CREATE TABLE "CE5_36"."PRODUCT_MASTER" 
   (	"PRODUCT_NO" VARCHAR2(7 BYTE), 
	"DESCRIPTION" VARCHAR2(20 BYTE), 
	"PROFIT_PERCENT" NUMBER(3,2), 
	"UNIT_MEASURE" VARCHAR2(10 BYTE), 
	"QTY_ON_HAND" NUMBER(3,0), 
	"REODER_LVL" NUMBER(2,0), 
	"SELL_PRICE" NUMBER(6,0), 
	"COST_PRICE" NUMBER(6,0)
   ) SEGMENT CREATION IMMEDIATE 
  PCTFREE 10 PCTUSED 40 INITRANS 1 MAXTRANS 255 NOCOMPRESS LOGGING
  STORAGE(INITIAL 65536 NEXT 1048576 MINEXTENTS 1 MAXEXTENTS 2147483645
  PCTINCREASE 0 FREELISTS 1 FREELIST GROUPS 1 BUFFER_POOL DEFAULT FLASH_CACHE DEFAULT CELL_FLASH_CACHE DEFAULT)
  TABLESPACE "SYSTEM" ;
--------------------------------------------------------
--  DDL for Table PRODUCT_QTY_DETAIS
--------------------------------------------------------

  CREATE TABLE "CE5_36"."PRODUCT_QTY_DETAIS" 
   (	"PRODUCT_NO" VARCHAR2(6 BYTE), 
	"TOTAL_QTY" NUMBER
   ) SEGMENT CREATION IMMEDIATE 
  PCTFREE 10 PCTUSED 40 INITRANS 1 MAXTRANS 255 NOCOMPRESS LOGGING
  STORAGE(INITIAL 65536 NEXT 1048576 MINEXTENTS 1 MAXEXTENTS 2147483645
  PCTINCREASE 0 FREELISTS 1 FREELIST GROUPS 1 BUFFER_POOL DEFAULT FLASH_CACHE DEFAULT CELL_FLASH_CACHE DEFAULT)
  TABLESPACE "SYSTEM" ;
--------------------------------------------------------
--  DDL for Table SALES_MASTER
--------------------------------------------------------

  CREATE TABLE "CE5_36"."SALES_MASTER" 
   (	"SALESMAN_NO" VARCHAR2(6 BYTE), 
	"SAL_NAME" VARCHAR2(20 BYTE), 
	"ADDRESS" VARCHAR2(40 BYTE), 
	"CITY" VARCHAR2(20 BYTE), 
	"STATE" VARCHAR2(20 BYTE), 
	"PINCODE" NUMBER(6,0), 
	"SAL_AMT" NUMBER(8,2), 
	"TGT_TO_GET" NUMBER(6,2), 
	"YTD_SALES" NUMBER(6,2), 
	"REMARKS" VARCHAR2(30 BYTE)
   ) SEGMENT CREATION IMMEDIATE 
  PCTFREE 10 PCTUSED 40 INITRANS 1 MAXTRANS 255 NOCOMPRESS LOGGING
  STORAGE(INITIAL 65536 NEXT 1048576 MINEXTENTS 1 MAXEXTENTS 2147483645
  PCTINCREASE 0 FREELISTS 1 FREELIST GROUPS 1 BUFFER_POOL DEFAULT FLASH_CACHE DEFAULT CELL_FLASH_CACHE DEFAULT)
  TABLESPACE "SYSTEM" ;
--------------------------------------------------------
--  DDL for Table SALES_ORDER
--------------------------------------------------------

  CREATE TABLE "CE5_36"."SALES_ORDER" 
   (	"S_ORDER_NO" VARCHAR2(6 BYTE), 
	"S_ORDER_DATE" DATE, 
	"CLIENT_NO" VARCHAR2(6 BYTE), 
	"SALESMAN_NO" VARCHAR2(6 BYTE), 
	"DELY_TYPE" CHAR(1 BYTE) DEFAULT 'F', 
	"BILLED_YN" CHAR(1 BYTE), 
	"DELY_DATE" DATE, 
	"ORDER_STATUS" VARCHAR2(10 BYTE)
   ) SEGMENT CREATION IMMEDIATE 
  PCTFREE 10 PCTUSED 40 INITRANS 1 MAXTRANS 255 NOCOMPRESS LOGGING
  STORAGE(INITIAL 65536 NEXT 1048576 MINEXTENTS 1 MAXEXTENTS 2147483645
  PCTINCREASE 0 FREELISTS 1 FREELIST GROUPS 1 BUFFER_POOL DEFAULT FLASH_CACHE DEFAULT CELL_FLASH_CACHE DEFAULT)
  TABLESPACE "SYSTEM" ;
--------------------------------------------------------
--  DDL for Table SALES_ORDER_DETAILS
--------------------------------------------------------

  CREATE TABLE "CE5_36"."SALES_ORDER_DETAILS" 
   (	"S_ORDER_NO" VARCHAR2(6 BYTE), 
	"PRODUCT_NO" VARCHAR2(6 BYTE), 
	"QTY_ORDER" NUMBER(8,0), 
	"QTY_DISP" NUMBER(8,0), 
	"PRODUCT_RATE" NUMBER(10,2)
   ) SEGMENT CREATION IMMEDIATE 
  PCTFREE 10 PCTUSED 40 INITRANS 1 MAXTRANS 255 NOCOMPRESS LOGGING
  STORAGE(INITIAL 65536 NEXT 1048576 MINEXTENTS 1 MAXEXTENTS 2147483645
  PCTINCREASE 0 FREELISTS 1 FREELIST GROUPS 1 BUFFER_POOL DEFAULT FLASH_CACHE DEFAULT CELL_FLASH_CACHE DEFAULT)
  TABLESPACE "SYSTEM" ;
--------------------------------------------------------
--  DDL for Table TB
--------------------------------------------------------

  CREATE TABLE "CE5_36"."TB" 
   (	"NAME" VARCHAR2(3 BYTE)
   ) SEGMENT CREATION IMMEDIATE 
  PCTFREE 10 PCTUSED 40 INITRANS 1 MAXTRANS 255 NOCOMPRESS LOGGING
  STORAGE(INITIAL 65536 NEXT 1048576 MINEXTENTS 1 MAXEXTENTS 2147483645
  PCTINCREASE 0 FREELISTS 1 FREELIST GROUPS 1 BUFFER_POOL DEFAULT FLASH_CACHE DEFAULT CELL_FLASH_CACHE DEFAULT)
  TABLESPACE "SYSTEM" ;
REM INSERTING into CE5_36.CHALLAN_DETAILS
SET DEFINE OFF;
REM INSERTING into CE5_36.CHALLAN_HEADER
SET DEFINE OFF;
REM INSERTING into CE5_36.CLIENT_MASTER
SET DEFINE OFF;
Insert into CE5_36.CLIENT_MASTER (CLIENT_NO,NAME,CITY,STATE,PINCODE,BAL_DUE,PHONE_NO) values ('0002','Vandana','Madras','Tamilnadu',780001,0,null);
Insert into CE5_36.CLIENT_MASTER (CLIENT_NO,NAME,CITY,STATE,PINCODE,BAL_DUE,PHONE_NO) values ('0003','Pramada','Bombay','Maharashtra',400057,5000,null);
Insert into CE5_36.CLIENT_MASTER (CLIENT_NO,NAME,CITY,STATE,PINCODE,BAL_DUE,PHONE_NO) values ('0004','Basu','Bombay','Maharashtra',400056,0,null);
Insert into CE5_36.CLIENT_MASTER (CLIENT_NO,NAME,CITY,STATE,PINCODE,BAL_DUE,PHONE_NO) values ('0005','Ravi','Bombay',null,100001,2000,null);
Insert into CE5_36.CLIENT_MASTER (CLIENT_NO,NAME,CITY,STATE,PINCODE,BAL_DUE,PHONE_NO) values ('0006','Rukmini','Bombay','Maharashtra',400050,0,null);
Insert into CE5_36.CLIENT_MASTER (CLIENT_NO,NAME,CITY,STATE,PINCODE,BAL_DUE,PHONE_NO) values ('0001','Ivan','Bombay','Maharashtra',400054,1000,null);
REM INSERTING into CE5_36.LAB0TEST
SET DEFINE OFF;
Insert into CE5_36.LAB0TEST (ID,NAME) values (1,'james');
Insert into CE5_36.LAB0TEST (ID,NAME) values (2,'dhamo');
Insert into CE5_36.LAB0TEST (ID,NAME) values (2,'dhamo');
Insert into CE5_36.LAB0TEST (ID,NAME) values (2,'dhamo');
Insert into CE5_36.LAB0TEST (ID,NAME) values (2,'dhamo');
Insert into CE5_36.LAB0TEST (ID,NAME) values (3,'xyz');
Insert into CE5_36.LAB0TEST (ID,NAME) values (2,'dhamo');
Insert into CE5_36.LAB0TEST (ID,NAME) values (2,'dhamo');
Insert into CE5_36.LAB0TEST (ID,NAME) values (2,'dhamo');
Insert into CE5_36.LAB0TEST (ID,NAME) values (3,'xyz');
REM INSERTING into CE5_36.PRODUCT_MASTER
SET DEFINE OFF;
Insert into CE5_36.PRODUCT_MASTER (PRODUCT_NO,DESCRIPTION,PROFIT_PERCENT,UNIT_MEASURE,QTY_ON_HAND,REODER_LVL,SELL_PRICE,COST_PRICE) values ('P00001','1.44 floppies',5,'piece',100,20,1150,500);
Insert into CE5_36.PRODUCT_MASTER (PRODUCT_NO,DESCRIPTION,PROFIT_PERCENT,UNIT_MEASURE,QTY_ON_HAND,REODER_LVL,SELL_PRICE,COST_PRICE) values ('P03453','Monitors',6,'piece',10,3,12000,11200);
Insert into CE5_36.PRODUCT_MASTER (PRODUCT_NO,DESCRIPTION,PROFIT_PERCENT,UNIT_MEASURE,QTY_ON_HAND,REODER_LVL,SELL_PRICE,COST_PRICE) values ('P06734','Mouse',5,'piece',20,5,1050,500);
Insert into CE5_36.PRODUCT_MASTER (PRODUCT_NO,DESCRIPTION,PROFIT_PERCENT,UNIT_MEASURE,QTY_ON_HAND,REODER_LVL,SELL_PRICE,COST_PRICE) values ('P07865','1.22 floppies',5,'piece',100,20,525,500);
Insert into CE5_36.PRODUCT_MASTER (PRODUCT_NO,DESCRIPTION,PROFIT_PERCENT,UNIT_MEASURE,QTY_ON_HAND,REODER_LVL,SELL_PRICE,COST_PRICE) values ('P07868','Keyboards',2,'piece',10,3,3150,3050);
Insert into CE5_36.PRODUCT_MASTER (PRODUCT_NO,DESCRIPTION,PROFIT_PERCENT,UNIT_MEASURE,QTY_ON_HAND,REODER_LVL,SELL_PRICE,COST_PRICE) values ('P07885','CD Drive',2.5,'piece',10,3,5250,5100);
Insert into CE5_36.PRODUCT_MASTER (PRODUCT_NO,DESCRIPTION,PROFIT_PERCENT,UNIT_MEASURE,QTY_ON_HAND,REODER_LVL,SELL_PRICE,COST_PRICE) values ('P07965','540 HDD',4,'piece',10,3,8400,8000);
Insert into CE5_36.PRODUCT_MASTER (PRODUCT_NO,DESCRIPTION,PROFIT_PERCENT,UNIT_MEASURE,QTY_ON_HAND,REODER_LVL,SELL_PRICE,COST_PRICE) values ('P07975','1.44 Drive',5,'piece',10,3,1050,1000);
Insert into CE5_36.PRODUCT_MASTER (PRODUCT_NO,DESCRIPTION,PROFIT_PERCENT,UNIT_MEASURE,QTY_ON_HAND,REODER_LVL,SELL_PRICE,COST_PRICE) values ('P08865','1.22 Drive',5,'piece',2,3,1050,1000);
REM INSERTING into CE5_36.PRODUCT_QTY_DETAIS
SET DEFINE OFF;
REM INSERTING into CE5_36.SALES_MASTER
SET DEFINE OFF;
Insert into CE5_36.SALES_MASTER (SALESMAN_NO,SAL_NAME,ADDRESS,CITY,STATE,PINCODE,SAL_AMT,TGT_TO_GET,YTD_SALES,REMARKS) values ('500001','Kiran','A/14 worli','Bombay','Mah',400002,3000,100,50,'Good');
Insert into CE5_36.SALES_MASTER (SALESMAN_NO,SAL_NAME,ADDRESS,CITY,STATE,PINCODE,SAL_AMT,TGT_TO_GET,YTD_SALES,REMARKS) values ('500002','Manish','65, nariman','Bombay','Mah',400001,3000,200,100,'Good');
Insert into CE5_36.SALES_MASTER (SALESMAN_NO,SAL_NAME,ADDRESS,CITY,STATE,PINCODE,SAL_AMT,TGT_TO_GET,YTD_SALES,REMARKS) values ('500003','Ravi','P-7 bandra','Bombay','Mah',400032,3000,200,100,'Good');
Insert into CE5_36.SALES_MASTER (SALESMAN_NO,SAL_NAME,ADDRESS,CITY,STATE,PINCODE,SAL_AMT,TGT_TO_GET,YTD_SALES,REMARKS) values ('500004','Ashish','A/5 juhu','Bombay','Mah',400044,3500,200,150,'Good');
REM INSERTING into CE5_36.SALES_ORDER
SET DEFINE OFF;
Insert into CE5_36.SALES_ORDER (S_ORDER_NO,S_ORDER_DATE,CLIENT_NO,SALESMAN_NO,DELY_TYPE,BILLED_YN,DELY_DATE,ORDER_STATUS) values ('019001',to_date('12-JAN-96','DD-MON-RR'),'0001','500001','F','N',to_date('20-JAN-96','DD-MON-RR'),'Ip');
Insert into CE5_36.SALES_ORDER (S_ORDER_NO,S_ORDER_DATE,CLIENT_NO,SALESMAN_NO,DELY_TYPE,BILLED_YN,DELY_DATE,ORDER_STATUS) values ('019002',to_date('25-JAN-96','DD-MON-RR'),'0002','500002','P','N',to_date('27-JAN-96','DD-MON-RR'),'C');
Insert into CE5_36.SALES_ORDER (S_ORDER_NO,S_ORDER_DATE,CLIENT_NO,SALESMAN_NO,DELY_TYPE,BILLED_YN,DELY_DATE,ORDER_STATUS) values ('016865',to_date('18-FEB-96','DD-MON-RR'),'0003','500003','F','Y',to_date('20-FEB-96','DD-MON-RR'),'F');
Insert into CE5_36.SALES_ORDER (S_ORDER_NO,S_ORDER_DATE,CLIENT_NO,SALESMAN_NO,DELY_TYPE,BILLED_YN,DELY_DATE,ORDER_STATUS) values ('019003',to_date('03-APR-96','DD-MON-RR'),'0001','500001','F','Y',to_date('07-APR-96','DD-MON-RR'),'F');
Insert into CE5_36.SALES_ORDER (S_ORDER_NO,S_ORDER_DATE,CLIENT_NO,SALESMAN_NO,DELY_TYPE,BILLED_YN,DELY_DATE,ORDER_STATUS) values ('046866',to_date('20-MAY-96','DD-MON-RR'),'0004','500002','P','N',to_date('22-MAY-96','DD-MON-RR'),'C');
Insert into CE5_36.SALES_ORDER (S_ORDER_NO,S_ORDER_DATE,CLIENT_NO,SALESMAN_NO,DELY_TYPE,BILLED_YN,DELY_DATE,ORDER_STATUS) values ('010008',to_date('24-MAY-96','DD-MON-RR'),'0005','500004','F','N',to_date('26-MAY-96','DD-MON-RR'),'Ip');
Insert into CE5_36.SALES_ORDER (S_ORDER_NO,S_ORDER_DATE,CLIENT_NO,SALESMAN_NO,DELY_TYPE,BILLED_YN,DELY_DATE,ORDER_STATUS) values ('019004',to_date('12-JAN-96','DD-MON-RR'),'0001','500002','F','N',to_date('20-JAN-96','DD-MON-RR'),'Ip');
REM INSERTING into CE5_36.SALES_ORDER_DETAILS
SET DEFINE OFF;
Insert into CE5_36.SALES_ORDER_DETAILS (S_ORDER_NO,PRODUCT_NO,QTY_ORDER,QTY_DISP,PRODUCT_RATE) values ('019001','P00001',4,4,525);
Insert into CE5_36.SALES_ORDER_DETAILS (S_ORDER_NO,PRODUCT_NO,QTY_ORDER,QTY_DISP,PRODUCT_RATE) values ('019001','P07965',2,1,8400);
Insert into CE5_36.SALES_ORDER_DETAILS (S_ORDER_NO,PRODUCT_NO,QTY_ORDER,QTY_DISP,PRODUCT_RATE) values ('019001','P07885',2,1,5250);
Insert into CE5_36.SALES_ORDER_DETAILS (S_ORDER_NO,PRODUCT_NO,QTY_ORDER,QTY_DISP,PRODUCT_RATE) values ('019002','P00001',10,0,525);
Insert into CE5_36.SALES_ORDER_DETAILS (S_ORDER_NO,PRODUCT_NO,QTY_ORDER,QTY_DISP,PRODUCT_RATE) values ('019003','P00001',4,4,1050);
Insert into CE5_36.SALES_ORDER_DETAILS (S_ORDER_NO,PRODUCT_NO,QTY_ORDER,QTY_DISP,PRODUCT_RATE) values ('019003','P03453',2,2,1050);
Insert into CE5_36.SALES_ORDER_DETAILS (S_ORDER_NO,PRODUCT_NO,QTY_ORDER,QTY_DISP,PRODUCT_RATE) values ('046866','P06734',1,1,12000);
Insert into CE5_36.SALES_ORDER_DETAILS (S_ORDER_NO,PRODUCT_NO,QTY_ORDER,QTY_DISP,PRODUCT_RATE) values ('046866','P07965',1,0,8400);
Insert into CE5_36.SALES_ORDER_DETAILS (S_ORDER_NO,PRODUCT_NO,QTY_ORDER,QTY_DISP,PRODUCT_RATE) values ('010008','P07975',1,0,1050);
Insert into CE5_36.SALES_ORDER_DETAILS (S_ORDER_NO,PRODUCT_NO,QTY_ORDER,QTY_DISP,PRODUCT_RATE) values ('010008','P00001',10,5,525);
REM INSERTING into CE5_36.TB
SET DEFINE OFF;
--------------------------------------------------------
--  DDL for Index SYS_C0030393
--------------------------------------------------------

  CREATE UNIQUE INDEX "CE5_36"."SYS_C0030393" ON "CE5_36"."CHALLAN_DETAILS" ("CHALLAN_NO") 
  PCTFREE 10 INITRANS 2 MAXTRANS 255 COMPUTE STATISTICS 
  STORAGE(INITIAL 65536 NEXT 1048576 MINEXTENTS 1 MAXEXTENTS 2147483645
  PCTINCREASE 0 FREELISTS 1 FREELIST GROUPS 1 BUFFER_POOL DEFAULT FLASH_CACHE DEFAULT CELL_FLASH_CACHE DEFAULT)
  TABLESPACE "SYSTEM" ;
--------------------------------------------------------
--  DDL for Index SYS_C0030353
--------------------------------------------------------

  CREATE UNIQUE INDEX "CE5_36"."SYS_C0030353" ON "CE5_36"."CHALLAN_HEADER" ("CHALLAN_NO") 
  PCTFREE 10 INITRANS 2 MAXTRANS 255 COMPUTE STATISTICS 
  STORAGE(INITIAL 65536 NEXT 1048576 MINEXTENTS 1 MAXEXTENTS 2147483645
  PCTINCREASE 0 FREELISTS 1 FREELIST GROUPS 1 BUFFER_POOL DEFAULT FLASH_CACHE DEFAULT CELL_FLASH_CACHE DEFAULT)
  TABLESPACE "SYSTEM" ;
--------------------------------------------------------
--  DDL for Index SYS_C0021276
--------------------------------------------------------

  CREATE UNIQUE INDEX "CE5_36"."SYS_C0021276" ON "CE5_36"."CLIENT_MASTER" ("CLIENT_NO") 
  PCTFREE 10 INITRANS 2 MAXTRANS 255 COMPUTE STATISTICS 
  STORAGE(INITIAL 65536 NEXT 1048576 MINEXTENTS 1 MAXEXTENTS 2147483645
  PCTINCREASE 0 FREELISTS 1 FREELIST GROUPS 1 BUFFER_POOL DEFAULT FLASH_CACHE DEFAULT CELL_FLASH_CACHE DEFAULT)
  TABLESPACE "SYSTEM" ;
--------------------------------------------------------
--  DDL for Index SYS_C0031087
--------------------------------------------------------

  CREATE UNIQUE INDEX "CE5_36"."SYS_C0031087" ON "CE5_36"."PRODUCT_MASTER" ("PRODUCT_NO") 
  PCTFREE 10 INITRANS 2 MAXTRANS 255 COMPUTE STATISTICS 
  STORAGE(INITIAL 65536 NEXT 1048576 MINEXTENTS 1 MAXEXTENTS 2147483645
  PCTINCREASE 0 FREELISTS 1 FREELIST GROUPS 1 BUFFER_POOL DEFAULT FLASH_CACHE DEFAULT CELL_FLASH_CACHE DEFAULT)
  TABLESPACE "SYSTEM" ;
--------------------------------------------------------
--  DDL for Index SYS_C0031155
--------------------------------------------------------

  CREATE UNIQUE INDEX "CE5_36"."SYS_C0031155" ON "CE5_36"."SALES_MASTER" ("SALESMAN_NO") 
  PCTFREE 10 INITRANS 2 MAXTRANS 255 COMPUTE STATISTICS 
  STORAGE(INITIAL 65536 NEXT 1048576 MINEXTENTS 1 MAXEXTENTS 2147483645
  PCTINCREASE 0 FREELISTS 1 FREELIST GROUPS 1 BUFFER_POOL DEFAULT FLASH_CACHE DEFAULT CELL_FLASH_CACHE DEFAULT)
  TABLESPACE "SYSTEM" ;
--------------------------------------------------------
--  DDL for Index SYS_C0031161
--------------------------------------------------------

  CREATE UNIQUE INDEX "CE5_36"."SYS_C0031161" ON "CE5_36"."SALES_ORDER" ("S_ORDER_NO") 
  PCTFREE 10 INITRANS 2 MAXTRANS 255 COMPUTE STATISTICS 
  STORAGE(INITIAL 65536 NEXT 1048576 MINEXTENTS 1 MAXEXTENTS 2147483645
  PCTINCREASE 0 FREELISTS 1 FREELIST GROUPS 1 BUFFER_POOL DEFAULT FLASH_CACHE DEFAULT CELL_FLASH_CACHE DEFAULT)
  TABLESPACE "SYSTEM" ;
--------------------------------------------------------
--  DDL for Index SYS_C0031235
--------------------------------------------------------

  CREATE UNIQUE INDEX "CE5_36"."SYS_C0031235" ON "CE5_36"."SALES_ORDER_DETAILS" ("S_ORDER_NO", "PRODUCT_NO") 
  PCTFREE 10 INITRANS 2 MAXTRANS 255 COMPUTE STATISTICS 
  STORAGE(INITIAL 65536 NEXT 1048576 MINEXTENTS 1 MAXEXTENTS 2147483645
  PCTINCREASE 0 FREELISTS 1 FREELIST GROUPS 1 BUFFER_POOL DEFAULT FLASH_CACHE DEFAULT CELL_FLASH_CACHE DEFAULT)
  TABLESPACE "SYSTEM" ;
--------------------------------------------------------
--  Constraints for Table CHALLAN_DETAILS
--------------------------------------------------------

  ALTER TABLE "CE5_36"."CHALLAN_DETAILS" ADD PRIMARY KEY ("CHALLAN_NO")
  USING INDEX PCTFREE 10 INITRANS 2 MAXTRANS 255 COMPUTE STATISTICS 
  STORAGE(INITIAL 65536 NEXT 1048576 MINEXTENTS 1 MAXEXTENTS 2147483645
  PCTINCREASE 0 FREELISTS 1 FREELIST GROUPS 1 BUFFER_POOL DEFAULT FLASH_CACHE DEFAULT CELL_FLASH_CACHE DEFAULT)
  TABLESPACE "SYSTEM"  ENABLE;
  ALTER TABLE "CE5_36"."CHALLAN_DETAILS" MODIFY ("QTY_DISP" NOT NULL ENABLE);
--------------------------------------------------------
--  Constraints for Table CHALLAN_HEADER
--------------------------------------------------------

  ALTER TABLE "CE5_36"."CHALLAN_HEADER" ADD PRIMARY KEY ("CHALLAN_NO")
  USING INDEX PCTFREE 10 INITRANS 2 MAXTRANS 255 COMPUTE STATISTICS 
  STORAGE(INITIAL 65536 NEXT 1048576 MINEXTENTS 1 MAXEXTENTS 2147483645
  PCTINCREASE 0 FREELISTS 1 FREELIST GROUPS 1 BUFFER_POOL DEFAULT FLASH_CACHE DEFAULT CELL_FLASH_CACHE DEFAULT)
  TABLESPACE "SYSTEM"  ENABLE;
  ALTER TABLE "CE5_36"."CHALLAN_HEADER" ADD CHECK (billed_yn in ('Y','N')) ENABLE;
  ALTER TABLE "CE5_36"."CHALLAN_HEADER" MODIFY ("CHALLAN_DATE" NOT NULL ENABLE);
--------------------------------------------------------
--  Constraints for Table CLIENT_MASTER
--------------------------------------------------------

  ALTER TABLE "CE5_36"."CLIENT_MASTER" ADD PRIMARY KEY ("CLIENT_NO")
  USING INDEX PCTFREE 10 INITRANS 2 MAXTRANS 255 COMPUTE STATISTICS 
  STORAGE(INITIAL 65536 NEXT 1048576 MINEXTENTS 1 MAXEXTENTS 2147483645
  PCTINCREASE 0 FREELISTS 1 FREELIST GROUPS 1 BUFFER_POOL DEFAULT FLASH_CACHE DEFAULT CELL_FLASH_CACHE DEFAULT)
  TABLESPACE "SYSTEM"  ENABLE;
--------------------------------------------------------
--  Constraints for Table PRODUCT_MASTER
--------------------------------------------------------

  ALTER TABLE "CE5_36"."PRODUCT_MASTER" ADD PRIMARY KEY ("PRODUCT_NO")
  USING INDEX PCTFREE 10 INITRANS 2 MAXTRANS 255 COMPUTE STATISTICS 
  STORAGE(INITIAL 65536 NEXT 1048576 MINEXTENTS 1 MAXEXTENTS 2147483645
  PCTINCREASE 0 FREELISTS 1 FREELIST GROUPS 1 BUFFER_POOL DEFAULT FLASH_CACHE DEFAULT CELL_FLASH_CACHE DEFAULT)
  TABLESPACE "SYSTEM"  ENABLE;
  ALTER TABLE "CE5_36"."PRODUCT_MASTER" MODIFY ("PROFIT_PERCENT" NOT NULL ENABLE);
  ALTER TABLE "CE5_36"."PRODUCT_MASTER" MODIFY ("SELL_PRICE" NOT NULL ENABLE);
  ALTER TABLE "CE5_36"."PRODUCT_MASTER" MODIFY ("COST_PRICE" NOT NULL ENABLE);
  ALTER TABLE "CE5_36"."PRODUCT_MASTER" MODIFY ("DESCRIPTION" NOT NULL ENABLE);
--------------------------------------------------------
--  Constraints for Table SALES_MASTER
--------------------------------------------------------

  ALTER TABLE "CE5_36"."SALES_MASTER" MODIFY ("SAL_NAME" NOT NULL ENABLE);
  ALTER TABLE "CE5_36"."SALES_MASTER" MODIFY ("ADDRESS" NOT NULL ENABLE);
  ALTER TABLE "CE5_36"."SALES_MASTER" MODIFY ("SAL_AMT" NOT NULL ENABLE);
  ALTER TABLE "CE5_36"."SALES_MASTER" MODIFY ("TGT_TO_GET" NOT NULL ENABLE);
  ALTER TABLE "CE5_36"."SALES_MASTER" MODIFY ("YTD_SALES" NOT NULL ENABLE);
  ALTER TABLE "CE5_36"."SALES_MASTER" ADD CHECK (salesman_no like '5%') ENABLE;
  ALTER TABLE "CE5_36"."SALES_MASTER" ADD CHECK (sal_amt > 0) ENABLE;
  ALTER TABLE "CE5_36"."SALES_MASTER" ADD CHECK (tgt_to_get > 0) ENABLE;
  ALTER TABLE "CE5_36"."SALES_MASTER" ADD CHECK (ytd_sales > 0) ENABLE;
  ALTER TABLE "CE5_36"."SALES_MASTER" ADD PRIMARY KEY ("SALESMAN_NO")
  USING INDEX PCTFREE 10 INITRANS 2 MAXTRANS 255 COMPUTE STATISTICS 
  STORAGE(INITIAL 65536 NEXT 1048576 MINEXTENTS 1 MAXEXTENTS 2147483645
  PCTINCREASE 0 FREELISTS 1 FREELIST GROUPS 1 BUFFER_POOL DEFAULT FLASH_CACHE DEFAULT CELL_FLASH_CACHE DEFAULT)
  TABLESPACE "SYSTEM"  ENABLE;
--------------------------------------------------------
--  Constraints for Table SALES_ORDER
--------------------------------------------------------

  ALTER TABLE "CE5_36"."SALES_ORDER" ADD CHECK (s_order_no like '0%') ENABLE;
  ALTER TABLE "CE5_36"."SALES_ORDER" ADD CHECK (dely_type in ('P','F')) ENABLE;
  ALTER TABLE "CE5_36"."SALES_ORDER" ADD CHECK (billed_yn in ('Y','N')) ENABLE;
  ALTER TABLE "CE5_36"."SALES_ORDER" ADD CHECK (order_status in ('Ip','F','B','C')) ENABLE;
  ALTER TABLE "CE5_36"."SALES_ORDER" ADD PRIMARY KEY ("S_ORDER_NO")
  USING INDEX PCTFREE 10 INITRANS 2 MAXTRANS 255 COMPUTE STATISTICS 
  STORAGE(INITIAL 65536 NEXT 1048576 MINEXTENTS 1 MAXEXTENTS 2147483645
  PCTINCREASE 0 FREELISTS 1 FREELIST GROUPS 1 BUFFER_POOL DEFAULT FLASH_CACHE DEFAULT CELL_FLASH_CACHE DEFAULT)
  TABLESPACE "SYSTEM"  ENABLE;
  ALTER TABLE "CE5_36"."SALES_ORDER" ADD CONSTRAINT "O_DATES" CHECK (dely_date > s_order_date) ENABLE;
--------------------------------------------------------
--  Constraints for Table SALES_ORDER_DETAILS
--------------------------------------------------------

  ALTER TABLE "CE5_36"."SALES_ORDER_DETAILS" ADD PRIMARY KEY ("S_ORDER_NO", "PRODUCT_NO")
  USING INDEX PCTFREE 10 INITRANS 2 MAXTRANS 255 COMPUTE STATISTICS 
  STORAGE(INITIAL 65536 NEXT 1048576 MINEXTENTS 1 MAXEXTENTS 2147483645
  PCTINCREASE 0 FREELISTS 1 FREELIST GROUPS 1 BUFFER_POOL DEFAULT FLASH_CACHE DEFAULT CELL_FLASH_CACHE DEFAULT)
  TABLESPACE "SYSTEM"  ENABLE;
